{
  "IsEncrypted": false,
  "Values": {
    "AzureWebJobsStorage": "",
    "FUNCTIONS_WORKER_RUNTIME": "node",
    "MONGODB_URL": "mongodb://cosmosdb-todos:PuoYAZTOwMO63akJdMwyKZNgnh6qfqMYMB4OQoZL7JZ32qf4azD2B6HZaBFImAuOB3p2VsTrSIsaOPbWStsSuA%3D%3D@cosmosdb-todos.mongo.cosmos.azure.com:10255/?ssl=true&replicaSet=globaldb&retrywrites=false&maxIdleTimeMS=120000&appName=@cosmosdb-todos@",
    "MONGODB_DATABASE_NAME": "serverless",
    "MONGODB_COLLECTION_NAME": "todos"
  },
  "Host": {
    "CORS": "*"
  }
}